{"SubcategoryID":20,"SubcategoryName":"MonitorsLCDFlatPanel","PropertyName":"LCDDisplayPixelPitch","IsAdvancedSearch":1,"IsGroupBy":0,"IsRequired":0,"PropertyValueList":["0.0567mm x 0.1701mm","0.0588mm x 0.1764mm","0.0876(H) mm x RGB x 0.2628(V) mm","0.136mm","0.137 mm","0.13725mm x 0.13725mm","0.1554mm x 0.1554mm","0.155mm x 0.155mm","0.165mm","0.16mm x 0.16mm","0.179mm","0.182mm","0.1845mm x 0.1845mm","0.1mm","0.205mm","0.206mm","0.216mm","0.217mm","0.21mm","0.227mm","0.227mm x 0.681mm","0.2286mm","0.22mm","0.2331mm","0.233mm","0.23mm","0.243mm","0.247mm","0.24825mm x 0.24825mm","0.248mm","0.249mm","0.24mm","0.2505mm","0.251mm","0.252mm","0.255mm","0.258mm","0.25mm","0.2628mm","0.263mm","0.264mm","0.2652mm","0.265mm","0.266mm","0.268mm","0.26mm","0.2712mm","0.2715mm","0.271mm","0.272mm","0.2745mm","0.274mm","0.275mm","0.27675mm","0.2768mm","0.276mm","0.277mm","0.279mm","0.27mm","0.281mm","0.282mm","0.2835mm","0.283mm","0.283mm x 0.238mm","0.284mm","0.285mm","0.286mm","0.287mm","0.288mm","0.289mm","0.28mm","0.290mm","0.2916mm","0.291mm","0.2928mm","0.292mm","0.294mm","0.296mm","0.297mm","0.303mm","0.309mm","0.30mm","0.31125mm","0.3114mm","0.311mm","0.314mm","0.31mm x 0.31mm","0.32mm","0.36375mm x 0.36375mm","0.372mm","0.385mm","0.392mm","0.39mm","0.42mm","0.4525mm x 0.13575mm","0.461mm","0.485mm x 0.485mm","0.5108mm","0.511mm","0.51mm","0.537mm","0.53mm","0.542mm x 0.542mm","0.60mm","0.63mm","0.648mm","0.648mm x 0.218mm","0.6525mm","0.681mm","0.692mm x 0.692mm","0.744mm","0.7455mm","0.7455mm x 0.2485mm","0.746mm","0.81mm","0.93mm x 0.698mm","1.02 mm","1.038 mm H x 1.038 mm V","1.08 x 0.81 mm"]}